order_id,order_date,customer_id,product,quantity,price
1001,2024-03-05,C0019,Monitor,4,388
1002,2024-04-06,C0077,Tablet,5,609
1003,2024-11-29,C0006,Monitor,5,689
1004,2024-06-06,C0132,Tablet,2,936
1005,2024-08-28,C0025,Headphones,3,457
1006,2024-03-16,C0099,Monitor,1,642
1007,2024-09-05,C0140,Phone,2,501
1008,2024-05-18,C0048,Printer,2,507
1009,2024-11-23,C0105,Phone,5,847
1010,2024-09-29,C0117,Monitor,1,216
1011,2024-04-12,C0088,Tablet,1,254
1012,2024-11-23,C0025,Keyboard,1,609
1013,2024-10-11,C0056,Tablet,4,886
1014,2024-05-11,C0169,Phone,2,713
1015,2024-08-03,C0098,Mouse,4,553
1016,2024-08-08,C0077,Monitor,1,332
1017,2024-01-30,C0054,Monitor,5,285
1018,2024-02-06,C0041,Phone,3,115
1019,2024-01-23,C0032,Phone,2,211
1020,2024-11-03,C0151,Laptop,2,79
1021,2024-07-22,C0170,Laptop,1,80
1022,2024-06-06,C0196,Headphones,4,191
1023,2024-12-26,C0172,Printer,4,551
1024,2024-06-08,C0070,Mouse,3,414
1025,2024-06-22,C0156,Monitor,5,853
1026,2024-04-18,C0030,Headphones,2,238
1027,2024-02-23,C0083,Laptop,3,60
1028,2024-11-08,C0190,Monitor,4,728
1029,2024-05-08,C0020,Mouse,2,484
1030,2024-08-03,C0006,Printer,3,177
1031,2024-08-07,C0198,Monitor,1,362
1032,2024-04-04,C0132,Phone,4,378
1033,2024-10-18,C0078,Keyboard,4,265
1034,2024-09-19,C0107,Phone,4,397
1035,2024-10-18,C0073,Mouse,4,453
1036,2024-09-21,C0128,Keyboard,2,947
1037,2024-10-30,C0192,Monitor,3,444
1038,2024-08-09,C0118,Phone,1,651
1039,2024-02-12,C0092,Laptop,5,200
1040,2024-05-09,C0079,Tablet,3,245
1041,2024-05-05,C0136,Printer,3,509
1042,2024-07-13,C0026,Keyboard,3,372
1043,2024-08-26,C0057,Mouse,1,827
1044,2024-06-12,C0086,Laptop,4,689
1045,2024-05-26,C0191,Keyboard,1,213
1046,2024-07-10,C0131,Keyboard,4,230
1047,2024-02-02,C0064,Keyboard,1,339
1048,2024-05-04,C0160,Mouse,5,948
1049,2024-03-28,C0055,Laptop,3,306
1050,2024-05-14,C0088,Keyboard,3,939
1051,2024-12-09,C0040,Keyboard,5,998
1052,2024-02-27,C0015,Mouse,1,984
1053,2024-12-23,C0060,Keyboard,3,361
1054,2024-02-18,C0143,Phone,1,260
1055,2024-03-13,C0061,Printer,2,359
1056,2024-06-11,C0136,Headphones,3,163
1057,2024-08-11,C0003,Mouse,4,280
1058,2024-02-16,C0094,Headphones,1,458
1059,2024-10-23,C0055,Tablet,3,969
1060,2024-03-17,C0076,Printer,5,365
1061,2024-02-19,C0191,Tablet,1,895
1062,2024-12-26,C0084,Tablet,2,197
1063,2024-10-16,C0018,Headphones,1,727
1064,2024-03-19,C0015,Tablet,4,410
1065,2024-10-30,C0032,Laptop,4,286
1066,2024-08-09,C0088,Headphones,5,197
1067,2024-05-08,C0174,Tablet,5,422
1068,2024-08-08,C0048,Monitor,5,109
1069,2024-11-18,C0137,Keyboard,2,890
1070,2024-11-25,C0089,Tablet,2,67
1071,2024-04-29,C0156,Headphones,3,664
1072,2024-04-29,C0051,Mouse,4,859
1073,2024-07-31,C0105,Laptop,1,600
1074,2024-10-20,C0171,Mouse,2,739
1075,2024-05-30,C0010,Printer,1,503
1076,2024-10-06,C0192,Headphones,4,635
1077,2024-11-08,C0190,Keyboard,3,275
1078,2024-05-05,C0154,Printer,3,707
1079,2024-03-02,C0113,Laptop,2,537
1080,2024-06-07,C0167,Printer,1,256
1081,2024-10-15,C0076,Monitor,2,308
1082,2024-04-06,C0141,Headphones,2,144
1083,2024-01-21,C0157,Tablet,4,482
1084,2024-08-10,C0164,Monitor,5,353
1085,2024-04-07,C0200,Mouse,1,628
1086,2024-09-25,C0113,Keyboard,1,386
1087,2024-05-27,C0044,Keyboard,5,703
1088,2024-02-02,C0181,Monitor,4,461
1089,2024-01-20,C0170,Phone,2,805
1090,2024-10-09,C0003,Monitor,5,432
1091,2024-02-07,C0034,Headphones,1,693
1092,2024-06-07,C0050,Mouse,4,429
1093,2024-05-02,C0122,Mouse,2,514
1094,2024-03-07,C0118,Tablet,4,799
1095,2024-03-22,C0030,Tablet,2,880
1096,2024-05-29,C0015,Laptop,2,99
1097,2024-12-15,C0117,Phone,1,268
1098,2024-07-08,C0123,Laptop,1,695
1099,2024-03-24,C0136,Tablet,3,437
1100,2024-02-07,C0102,Mouse,3,646
1101,2024-09-18,C0172,Printer,2,991
1102,2024-08-10,C0001,Phone,2,622
1103,2024-06-15,C0125,Printer,3,634
1104,2024-02-23,C0105,Tablet,4,94
1105,2024-07-21,C0003,Printer,1,768
1106,2024-05-07,C0140,Laptop,5,895
1107,2024-04-17,C0156,Laptop,1,790
1108,2024-08-12,C0096,Mouse,2,108
1109,2024-08-20,C0056,Printer,3,751
1110,2024-02-29,C0165,Tablet,4,439
1111,2024-01-28,C0136,Phone,4,705
1112,2024-04-14,C0148,Laptop,2,355
1113,2024-09-25,C0133,Keyboard,2,363
1114,2024-03-28,C0054,Headphones,1,98
1115,2024-11-25,C0193,Laptop,3,507
1116,2024-06-05,C0092,Mouse,1,321
1117,2024-09-13,C0031,Tablet,3,887
1118,2024-09-14,C0101,Phone,2,961
1119,2024-07-15,C0050,Keyboard,3,341
1120,2024-09-16,C0075,Monitor,3,827
1121,2024-09-12,C0015,Laptop,5,664
1122,2024-01-24,C0168,Phone,4,520
1123,2024-08-03,C0045,Keyboard,1,762
1124,2024-11-10,C0091,Tablet,1,666
1125,2024-01-20,C0007,Printer,5,331
1126,2024-12-30,C0057,Monitor,2,355
1127,2024-09-14,C0149,Laptop,1,425
1128,2024-01-10,C0004,Laptop,4,959
1129,2024-10-20,C0115,Mouse,2,780
1130,2024-12-02,C0101,Phone,1,713
1131,2024-02-13,C0185,Headphones,5,748
1132,2024-09-05,C0081,Printer,2,903
1133,2024-12-11,C0051,Mouse,1,386
1134,2024-08-13,C0180,Keyboard,2,972
1135,2024-11-14,C0012,Mouse,3,300
1136,2024-06-11,C0059,Monitor,1,655
1137,2024-01-11,C0030,Phone,5,154
1138,2024-05-08,C0181,Tablet,1,320
1139,2024-11-26,C0066,Monitor,3,130
1140,2024-11-05,C0010,Keyboard,1,75
1141,2024-12-12,C0005,Printer,4,312
1142,2024-02-06,C0014,Tablet,5,516
1143,2024-12-29,C0013,Keyboard,1,979
1144,2024-05-19,C0049,Headphones,4,972
1145,2024-11-01,C0050,Printer,1,145
1146,2024-10-05,C0135,Laptop,3,986
1147,2024-02-01,C0118,Monitor,4,802
1148,2024-12-07,C0002,Laptop,2,421
1149,2024-11-21,C0023,Keyboard,3,125
1150,2024-03-10,C0135,Mouse,3,778
1151,2024-02-05,C0146,Tablet,5,785
1152,2024-03-21,C0113,Monitor,4,831
1153,2024-03-02,C0126,Tablet,1,547
1154,2024-12-23,C0009,Phone,3,257
1155,2024-10-16,C0196,Headphones,2,60
1156,2024-01-23,C0004,Monitor,2,947
1157,2024-01-05,C0150,Tablet,3,351
1158,2024-04-19,C0109,Keyboard,1,554
1159,2024-04-30,C0177,Laptop,4,998
1160,2024-01-03,C0134,Phone,3,454
1161,2024-12-23,C0149,Tablet,4,257
1162,2024-09-01,C0076,Laptop,5,91
1163,2024-03-25,C0159,Tablet,5,743
1164,2024-09-15,C0104,Mouse,5,848
1165,2024-03-20,C0035,Tablet,4,213
1166,2024-09-13,C0180,Monitor,2,767
1167,2024-02-20,C0186,Keyboard,5,261
1168,2024-05-08,C0147,Mouse,3,362
1169,2024-09-14,C0039,Mouse,4,968
1170,2024-01-06,C0053,Phone,4,601
1171,2024-03-26,C0128,Printer,2,675
1172,2024-11-22,C0185,Keyboard,3,992
1173,2024-06-14,C0128,Keyboard,3,835
1174,2024-02-26,C0095,Keyboard,1,548
1175,2024-04-18,C0084,Printer,1,467
1176,2024-07-25,C0092,Laptop,5,211
1177,2024-08-11,C0008,Mouse,5,900
1178,2024-03-07,C0008,Keyboard,4,775
1179,2024-12-19,C0048,Tablet,1,655
1180,2024-12-16,C0193,Phone,5,371
1181,2024-03-21,C0005,Mouse,5,379
1182,2024-03-27,C0062,Headphones,4,578
1183,2024-02-11,C0097,Laptop,5,669
1184,2024-04-14,C0101,Printer,2,335
1185,2024-09-19,C0001,Laptop,5,617
1186,2024-07-21,C0168,Phone,4,125
1187,2024-03-19,C0118,Laptop,2,530
1188,2024-11-18,C0085,Headphones,2,532
1189,2024-11-26,C0150,Monitor,1,598
1190,2024-07-27,C0171,Monitor,2,516
1191,2024-10-10,C0089,Monitor,1,450
1192,2024-11-29,C0179,Phone,4,340
1193,2024-11-26,C0015,Mouse,5,917
1194,2024-08-11,C0145,Laptop,2,240
1195,2024-05-29,C0157,Printer,5,242
1196,2024-04-28,C0200,Phone,5,193
1197,2024-01-05,C0188,Keyboard,1,898
1198,2024-02-12,C0160,Headphones,2,880
1199,2024-07-14,C0013,Printer,4,552
1200,2024-05-10,C0122,Laptop,1,652
1201,2024-04-05,C0017,Printer,3,516
1202,2024-09-14,C0173,Mouse,5,627
1203,2024-11-30,C0149,Printer,5,857
1204,2024-10-15,C0080,Printer,1,88
1205,2024-06-24,C0034,Printer,3,620
1206,2024-03-12,C0153,Tablet,3,105
1207,2024-08-23,C0194,Phone,3,843
1208,2024-07-20,C0064,Laptop,4,700
1209,2024-06-22,C0078,Headphones,4,99
1210,2024-10-14,C0140,Tablet,2,151
1211,2024-09-22,C0025,Headphones,4,336
1212,2024-02-05,C0046,Phone,1,776
1213,2024-04-05,C0200,Phone,2,711
1214,2024-04-24,C0111,Printer,2,588
1215,2024-09-22,C0034,Phone,4,84
1216,2024-11-02,C0067,Keyboard,4,653
1217,2024-09-13,C0107,Tablet,3,231
1218,2024-12-01,C0038,Mouse,1,792
1219,2024-12-12,C0141,Headphones,3,681
1220,2024-09-29,C0099,Printer,3,117
1221,2024-11-22,C0002,Printer,2,441
1222,2024-03-19,C0162,Monitor,4,519
1223,2024-06-19,C0071,Keyboard,3,920
1224,2024-08-08,C0021,Keyboard,2,922
1225,2024-10-02,C0139,Phone,2,895
1226,2024-10-27,C0129,Mouse,4,945
1227,2024-06-29,C0151,Printer,2,199
1228,2024-08-03,C0005,Printer,1,806
1229,2024-12-18,C0086,Phone,5,411
1230,2024-12-12,C0062,Tablet,3,900
1231,2024-08-31,C0039,Mouse,4,991
1232,2024-05-14,C0142,Tablet,3,311
1233,2024-10-13,C0155,Phone,4,155
1234,2024-10-21,C0158,Mouse,5,153
1235,2024-01-18,C0090,Mouse,1,283
1236,2024-11-23,C0051,Printer,4,174
1237,2024-12-02,C0199,Headphones,4,356
1238,2024-02-18,C0195,Laptop,1,321
1239,2024-12-30,C0112,Monitor,3,539
1240,2024-01-09,C0133,Keyboard,2,301
1241,2024-05-24,C0165,Printer,5,380
1242,2024-08-05,C0117,Monitor,4,358
1243,2024-04-04,C0169,Tablet,5,741
1244,2024-10-23,C0177,Tablet,4,956
1245,2024-11-10,C0084,Mouse,3,251
1246,2024-01-05,C0148,Monitor,3,439
1247,2024-11-28,C0151,Monitor,1,948
1248,2024-01-25,C0093,Phone,4,550
1249,2024-05-05,C0058,Tablet,4,170
1250,2024-08-03,C0120,Tablet,2,921
1251,2024-04-26,C0024,Laptop,5,529
1252,2024-04-30,C0127,Tablet,5,288
1253,2024-12-22,C0077,Laptop,3,426
1254,2024-04-03,C0054,Tablet,2,184
1255,2024-10-22,C0078,Keyboard,2,891
1256,2024-06-02,C0149,Tablet,1,888
1257,2024-10-02,C0025,Tablet,1,345
1258,2024-01-31,C0032,Laptop,2,967
1259,2024-12-07,C0151,Phone,2,631
1260,2024-07-29,C0135,Headphones,2,814
1261,2024-09-21,C0124,Tablet,4,713
1262,2024-11-06,C0198,Phone,1,55
1263,2024-05-11,C0150,Phone,2,558
1264,2024-08-09,C0081,Laptop,2,323
1265,2024-08-09,C0140,Monitor,5,806
1266,2024-05-07,C0086,Phone,3,571
1267,2024-07-16,C0180,Keyboard,4,782
1268,2024-11-22,C0077,Tablet,2,72
1269,2024-04-23,C0086,Headphones,3,559
1270,2024-09-26,C0001,Mouse,2,548
1271,2024-08-05,C0025,Laptop,1,904
1272,2024-05-24,C0199,Printer,2,465
1273,2024-05-04,C0054,Monitor,4,467
1274,2024-02-03,C0170,Tablet,4,500
1275,2024-09-16,C0046,Tablet,4,96
1276,2024-04-18,C0049,Mouse,3,60
1277,2024-07-05,C0160,Monitor,5,305
1278,2024-09-24,C0167,Mouse,3,494
1279,2024-02-25,C0122,Tablet,5,989
1280,2024-07-15,C0065,Mouse,2,851
1281,2024-06-27,C0180,Printer,3,799
1282,2024-01-13,C0100,Tablet,3,86
1283,2024-09-15,C0010,Phone,3,338
1284,2024-06-27,C0155,Tablet,4,660
1285,2024-08-27,C0090,Headphones,3,156
1286,2024-03-01,C0035,Headphones,4,731
1287,2024-01-14,C0186,Keyboard,2,414
1288,2024-07-24,C0008,Monitor,2,557
1289,2024-05-17,C0014,Tablet,5,702
1290,2024-03-29,C0144,Tablet,4,112
1291,2024-07-07,C0070,Mouse,4,610
1292,2024-01-05,C0194,Tablet,5,401
1293,2024-03-27,C0117,Laptop,2,308
1294,2024-04-12,C0094,Laptop,4,265
1295,2024-06-13,C0200,Tablet,3,780
1296,2024-05-13,C0156,Monitor,5,478
1297,2024-12-31,C0155,Tablet,2,672
1298,2024-07-22,C0195,Phone,1,264
1299,2024-11-26,C0085,Laptop,5,790
1300,2024-04-13,C0097,Laptop,1,878
1301,2024-10-20,C0005,Headphones,3,481
1302,2024-02-23,C0198,Laptop,3,634
1303,2024-10-25,C0022,Mouse,3,718
1304,2024-01-09,C0186,Phone,2,438
1305,2024-06-14,C0008,Phone,4,990
1306,2024-07-13,C0107,Printer,5,499
1307,2024-11-12,C0093,Laptop,3,121
1308,2024-10-03,C0173,Monitor,4,677
1309,2024-05-29,C0121,Keyboard,2,598
1310,2024-01-08,C0019,Phone,3,783
1311,2024-09-14,C0194,Phone,1,468
1312,2024-11-11,C0103,Printer,4,68
1313,2024-10-29,C0063,Laptop,1,203
1314,2024-01-12,C0087,Printer,4,906
1315,2024-10-12,C0065,Mouse,5,125
1316,2024-05-14,C0025,Tablet,5,909
1317,2024-12-31,C0136,Mouse,5,755
1318,2024-06-26,C0181,Printer,4,869
1319,2024-05-04,C0033,Tablet,1,838
1320,2024-09-24,C0148,Printer,5,568
1321,2024-09-28,C0024,Mouse,4,54
1322,2024-05-09,C0186,Laptop,3,279
1323,2024-03-23,C0185,Keyboard,5,117
1324,2024-02-02,C0170,Monitor,3,593
1325,2024-08-03,C0046,Laptop,3,122
1326,2024-03-20,C0103,Laptop,3,641
1327,2024-04-27,C0149,Laptop,1,903
1328,2024-07-06,C0070,Phone,2,242
1329,2024-11-20,C0103,Keyboard,5,860
1330,2024-05-03,C0050,Phone,4,882
1331,2024-10-02,C0095,Keyboard,5,779
1332,2024-08-04,C0141,Mouse,2,489
1333,2024-08-13,C0090,Printer,2,589
1334,2024-02-11,C0178,Printer,2,329
1335,2024-12-09,C0051,Printer,2,449
1336,2024-02-15,C0088,Mouse,1,929
1337,2024-02-22,C0008,Laptop,4,295
1338,2024-12-07,C0106,Mouse,1,878
1339,2024-08-22,C0016,Printer,4,918
1340,2024-04-13,C0007,Laptop,2,486
1341,2024-04-12,C0091,Phone,4,724
1342,2024-03-28,C0130,Mouse,2,334
1343,2024-11-27,C0066,Tablet,4,773
1344,2024-05-18,C0140,Headphones,5,371
1345,2024-08-24,C0047,Monitor,3,828
1346,2024-10-28,C0025,Phone,5,604
1347,2024-10-09,C0093,Printer,1,227
1348,2024-06-09,C0062,Monitor,1,764
1349,2024-01-17,C0103,Mouse,1,235
1350,2024-03-03,C0037,Monitor,4,529
1351,2024-04-04,C0049,Keyboard,5,686
1352,2024-11-05,C0007,Laptop,2,874
1353,2024-11-04,C0153,Mouse,1,427
1354,2024-12-06,C0001,Mouse,1,256
1355,2024-12-08,C0026,Phone,4,637
1356,2024-10-01,C0075,Mouse,5,65
1357,2024-04-17,C0110,Tablet,3,132
1358,2024-09-22,C0131,Laptop,4,637
1359,2024-02-09,C0042,Headphones,3,525
1360,2024-08-27,C0052,Monitor,5,875
1361,2024-04-18,C0075,Keyboard,5,271
1362,2024-07-12,C0092,Tablet,5,210
1363,2024-01-11,C0089,Printer,4,59
1364,2024-10-08,C0178,Printer,1,779
1365,2024-05-05,C0104,Keyboard,2,359
1366,2024-08-20,C0043,Mouse,4,878
1367,2024-01-06,C0129,Tablet,2,137
1368,2024-11-09,C0176,Keyboard,5,138
1369,2024-04-16,C0038,Monitor,5,151
1370,2024-06-16,C0027,Mouse,4,571
1371,2024-01-26,C0182,Keyboard,4,221
1372,2024-12-30,C0002,Phone,1,648
1373,2024-08-23,C0109,Tablet,3,199
1374,2024-08-06,C0132,Headphones,4,219
1375,2024-10-07,C0105,Monitor,2,638
1376,2024-01-31,C0020,Phone,5,487
1377,2024-08-25,C0110,Printer,3,363
1378,2024-05-01,C0092,Tablet,4,604
1379,2024-01-30,C0163,Monitor,2,485
1380,2024-06-28,C0145,Tablet,2,872
1381,2024-07-14,C0082,Headphones,2,484
1382,2024-07-04,C0131,Phone,5,791
1383,2024-03-27,C0090,Monitor,3,996
1384,2024-11-10,C0155,Headphones,4,692
1385,2024-01-22,C0134,Monitor,3,516
1386,2024-02-06,C0085,Keyboard,3,767
1387,2024-03-07,C0138,Keyboard,2,979
1388,2024-06-23,C0055,Laptop,1,850
1389,2024-08-16,C0108,Headphones,4,881
1390,2024-12-07,C0188,Keyboard,2,862
1391,2024-06-09,C0001,Laptop,1,376
1392,2024-06-21,C0197,Tablet,2,274
1393,2024-03-23,C0130,Laptop,5,253
1394,2024-01-04,C0196,Mouse,2,545
1395,2024-10-31,C0193,Mouse,2,791
1396,2024-01-09,C0155,Keyboard,2,484
1397,2024-08-12,C0160,Phone,2,531
1398,2024-05-30,C0118,Tablet,2,443
1399,2024-01-02,C0147,Headphones,4,686
1400,2024-05-15,C0023,Keyboard,2,950
1401,2024-07-30,C0126,Headphones,3,531
1402,2024-11-26,C0185,Printer,3,855
1403,2024-12-20,C0074,Tablet,4,460
1404,2024-06-04,C0177,Headphones,2,643
1405,2024-07-29,C0082,Tablet,5,804
1406,2024-06-08,C0136,Headphones,4,204
1407,2024-03-05,C0120,Mouse,2,978
1408,2024-11-23,C0151,Keyboard,3,851
1409,2024-03-11,C0118,Mouse,1,260
1410,2024-08-18,C0141,Laptop,4,151
1411,2024-04-12,C0163,Monitor,1,249
1412,2024-04-23,C0036,Laptop,2,54
1413,2024-08-31,C0109,Laptop,2,363
1414,2024-02-08,C0064,Mouse,5,466
1415,2024-01-19,C0014,Laptop,5,379
1416,2024-07-28,C0034,Tablet,3,544
1417,2024-06-22,C0196,Tablet,5,403
1418,2024-11-12,C0136,Laptop,5,641
1419,2024-01-23,C0043,Printer,3,785
1420,2024-07-16,C0153,Monitor,3,766
1421,2024-07-27,C0079,Keyboard,5,676
1422,2024-06-29,C0164,Mouse,5,755
1423,2024-04-08,C0140,Tablet,5,446
1424,2024-07-01,C0014,Tablet,2,175
1425,2024-09-23,C0100,Phone,5,195
1426,2024-01-25,C0011,Tablet,2,830
1427,2024-10-18,C0049,Mouse,2,797
1428,2024-01-13,C0167,Headphones,4,202
1429,2024-08-16,C0100,Monitor,4,933
1430,2024-10-28,C0139,Printer,1,356
1431,2024-11-21,C0065,Tablet,4,123
1432,2024-11-12,C0051,Laptop,1,810
1433,2024-12-04,C0123,Tablet,5,136
1434,2024-07-20,C0136,Keyboard,5,941
1435,2024-06-24,C0168,Keyboard,2,498
1436,2024-09-15,C0159,Phone,5,932
1437,2024-03-22,C0154,Printer,3,332
1438,2024-05-25,C0172,Monitor,2,261
1439,2024-04-27,C0197,Laptop,1,649
1440,2024-02-19,C0018,Headphones,1,71
1441,2024-06-26,C0125,Headphones,4,229
1442,2024-05-18,C0117,Keyboard,3,995
1443,2024-10-16,C0022,Tablet,1,479
1444,2024-07-28,C0144,Laptop,1,612
1445,2024-04-07,C0096,Mouse,4,485
1446,2024-05-11,C0049,Phone,1,348
1447,2024-01-24,C0126,Tablet,4,581
1448,2024-09-05,C0104,Keyboard,2,619
1449,2024-02-10,C0013,Laptop,4,270
1450,2024-08-08,C0009,Mouse,2,199
1451,2024-12-03,C0150,Monitor,1,593
1452,2024-01-04,C0147,Monitor,1,622
1453,2024-08-07,C0196,Tablet,4,980
1454,2024-12-24,C0118,Monitor,2,919
1455,2024-12-08,C0067,Monitor,5,602
1456,2024-08-16,C0018,Laptop,5,431
1457,2024-08-21,C0198,Headphones,4,729
1458,2024-01-05,C0043,Monitor,3,116
1459,2024-06-25,C0034,Phone,2,772
1460,2024-11-23,C0005,Laptop,2,121
1461,2024-05-26,C0144,Laptop,2,417
1462,2024-07-07,C0015,Printer,2,707
1463,2024-09-11,C0042,Mouse,2,397
1464,2024-05-11,C0006,Printer,1,289
1465,2024-10-10,C0059,Phone,1,404
1466,2024-11-17,C0014,Phone,1,75
1467,2024-08-23,C0080,Laptop,2,612
1468,2024-03-25,C0114,Monitor,2,585
1469,2024-05-09,C0033,Keyboard,1,305
1470,2024-12-18,C0125,Printer,2,791
1471,2024-12-27,C0100,Mouse,1,142
1472,2024-06-05,C0122,Tablet,5,436
1473,2024-08-05,C0150,Phone,2,610
1474,2024-07-25,C0166,Headphones,3,557
1475,2024-06-18,C0086,Mouse,1,715
1476,2024-09-15,C0164,Keyboard,4,810
1477,2024-03-08,C0030,Tablet,4,984
1478,2024-08-14,C0194,Headphones,4,244
1479,2024-06-09,C0191,Headphones,5,992
1480,2024-02-05,C0183,Laptop,1,407
1481,2024-10-12,C0146,Phone,2,704
1482,2024-11-14,C0011,Printer,3,159
1483,2024-11-26,C0141,Monitor,5,125
1484,2024-03-22,C0029,Mouse,1,821
1485,2024-08-04,C0069,Monitor,3,213
1486,2024-07-16,C0041,Headphones,1,599
1487,2024-04-23,C0048,Mouse,2,611
1488,2024-01-17,C0198,Printer,2,470
1489,2024-02-07,C0119,Printer,1,287
1490,2024-02-03,C0037,Keyboard,4,941
1491,2024-07-05,C0084,Mouse,2,644
1492,2024-10-16,C0132,Mouse,2,879
1493,2024-01-07,C0199,Phone,2,849
1494,2024-09-18,C0016,Laptop,3,592
1495,2024-10-16,C0199,Tablet,3,136
1496,2024-11-22,C0072,Headphones,2,435
1497,2024-02-21,C0064,Headphones,1,477
1498,2024-11-17,C0021,Monitor,3,423
1499,2024-08-28,C0193,Monitor,5,316
1500,2024-11-06,C0081,Laptop,1,215
1501,2024-01-11,C0188,Tablet,4,493
1502,2024-05-31,C0099,Laptop,1,753
1503,2024-04-15,C0066,Headphones,5,557
1504,2024-05-06,C0081,Tablet,5,781
1505,2024-07-13,C0026,Laptop,1,464
1506,2024-01-11,C0129,Mouse,4,525
1507,2024-11-15,C0104,Monitor,4,427
1508,2024-01-28,C0002,Printer,5,836
1509,2024-10-08,C0016,Phone,4,407
1510,2024-07-06,C0131,Tablet,5,845
1511,2024-04-03,C0045,Tablet,5,609
1512,2024-02-26,C0186,Headphones,4,119
1513,2024-07-02,C0016,Headphones,3,103
1514,2024-09-21,C0198,Monitor,1,382
1515,2024-11-16,C0108,Tablet,2,494
1516,2024-02-04,C0109,Laptop,4,786
1517,2024-11-08,C0200,Tablet,3,564
1518,2024-07-09,C0038,Tablet,3,771
1519,2024-09-18,C0009,Printer,1,879
1520,2024-01-06,C0006,Monitor,2,891
1521,2024-06-27,C0172,Headphones,1,746
1522,2024-07-14,C0121,Tablet,3,951
1523,2024-08-17,C0142,Printer,4,947
1524,2024-11-24,C0076,Headphones,1,179
1525,2024-03-08,C0128,Mouse,5,506
1526,2024-11-26,C0014,Monitor,4,930
1527,2024-05-25,C0061,Keyboard,2,641
1528,2024-05-17,C0072,Laptop,2,897
1529,2024-05-24,C0180,Mouse,2,365
1530,2024-12-07,C0064,Laptop,4,219
1531,2024-01-27,C0146,Printer,4,188
1532,2024-08-27,C0037,Tablet,5,315
1533,2024-09-12,C0115,Phone,4,266
1534,2024-04-02,C0173,Monitor,1,499
1535,2024-01-15,C0082,Monitor,5,742
1536,2024-10-14,C0132,Keyboard,2,552
1537,2024-10-31,C0043,Printer,5,139
1538,2024-10-15,C0196,Phone,2,303
1539,2024-10-17,C0061,Headphones,2,465
1540,2024-09-07,C0133,Laptop,2,459
1541,2024-01-04,C0020,Monitor,2,730
1542,2024-11-21,C0013,Printer,2,965
1543,2024-02-08,C0159,Monitor,3,112
1544,2024-01-10,C0105,Phone,4,210
1545,2024-10-28,C0169,Printer,4,958
1546,2024-02-21,C0045,Tablet,1,180
1547,2024-03-10,C0123,Tablet,4,661
1548,2024-03-14,C0132,Monitor,1,828
1549,2024-10-02,C0002,Monitor,4,406
1550,2024-10-11,C0008,Mouse,4,212
1551,2024-09-20,C0185,Laptop,2,481
1552,2024-11-23,C0191,Monitor,4,126
1553,2024-05-13,C0112,Keyboard,5,371
1554,2024-03-19,C0113,Keyboard,2,529
1555,2024-10-03,C0167,Tablet,2,715
1556,2024-03-03,C0153,Mouse,4,583
1557,2024-08-18,C0143,Tablet,2,239
1558,2024-08-16,C0085,Keyboard,5,439
1559,2024-05-21,C0080,Laptop,4,579
1560,2024-02-14,C0198,Phone,1,216
1561,2024-11-23,C0012,Phone,1,714
1562,2024-08-26,C0034,Phone,4,992
1563,2024-04-27,C0191,Mouse,3,940
1564,2024-11-24,C0077,Headphones,3,912
1565,2024-04-27,C0166,Printer,5,357
1566,2024-12-10,C0033,Phone,1,979
1567,2024-02-19,C0121,Mouse,5,308
1568,2024-08-13,C0116,Mouse,2,308
1569,2024-08-02,C0019,Printer,1,301
1570,2024-09-04,C0137,Printer,3,544
1571,2024-05-01,C0152,Tablet,4,656
1572,2024-11-08,C0029,Monitor,5,936
1573,2024-09-14,C0008,Printer,3,885
1574,2024-05-22,C0134,Tablet,5,690
1575,2024-02-17,C0018,Tablet,5,921
1576,2024-06-30,C0032,Keyboard,1,975
1577,2024-09-21,C0036,Tablet,3,353
1578,2024-11-06,C0009,Tablet,4,254
1579,2024-09-20,C0029,Laptop,3,846
1580,2024-02-13,C0013,Mouse,3,940
1581,2024-07-21,C0182,Keyboard,2,551
1582,2024-02-11,C0164,Tablet,5,289
1583,2024-09-10,C0061,Mouse,1,251
1584,2024-02-27,C0028,Mouse,4,522
1585,2024-01-12,C0193,Printer,1,242
1586,2024-06-21,C0177,Monitor,4,422
1587,2024-02-04,C0103,Phone,1,152
1588,2024-09-16,C0180,Monitor,1,190
1589,2024-11-13,C0130,Monitor,1,211
1590,2024-11-28,C0066,Laptop,5,963
1591,2024-11-08,C0082,Laptop,5,648
1592,2024-02-12,C0128,Tablet,3,235
1593,2024-07-18,C0046,Monitor,5,767
1594,2024-10-14,C0096,Phone,3,446
1595,2024-10-15,C0119,Headphones,5,499
1596,2024-03-20,C0137,Headphones,4,530
1597,2024-07-16,C0164,Monitor,2,620
1598,2024-10-02,C0148,Headphones,3,213
1599,2024-10-02,C0091,Laptop,2,856
1600,2024-02-24,C0089,Printer,3,69
1601,2024-10-26,C0079,Phone,4,350
1602,2024-03-30,C0078,Monitor,5,300
1603,2024-06-14,C0021,Mouse,3,86
1604,2024-02-03,C0096,Mouse,4,691
1605,2024-05-06,C0027,Phone,5,440
1606,2024-07-21,C0126,Mouse,2,834
1607,2024-08-10,C0050,Keyboard,2,784
1608,2024-05-06,C0132,Monitor,5,530
1609,2024-07-04,C0016,Mouse,5,327
1610,2024-05-04,C0072,Phone,5,550
1611,2024-03-25,C0043,Laptop,2,700
1612,2024-03-22,C0144,Phone,5,665
1613,2024-07-20,C0187,Printer,2,703
1614,2024-11-07,C0140,Keyboard,1,787
1615,2024-07-16,C0004,Mouse,4,99
1616,2024-08-27,C0128,Printer,2,552
1617,2024-05-14,C0013,Phone,4,87
1618,2024-06-24,C0162,Laptop,4,862
1619,2024-12-10,C0016,Headphones,1,267
1620,2024-10-11,C0060,Mouse,2,325
1621,2024-08-21,C0084,Phone,3,831
1622,2024-10-22,C0149,Tablet,4,953
1623,2024-06-15,C0001,Tablet,4,688
1624,2024-12-02,C0177,Phone,2,813
1625,2024-03-28,C0163,Mouse,2,341
1626,2024-03-02,C0193,Monitor,3,916
1627,2024-12-07,C0111,Keyboard,3,810
1628,2024-11-25,C0079,Monitor,3,139
1629,2024-10-15,C0152,Mouse,1,184
1630,2024-02-01,C0153,Phone,1,94
1631,2024-04-14,C0186,Laptop,3,977
1632,2024-10-06,C0176,Monitor,4,224
1633,2024-11-11,C0010,Phone,3,926
1634,2024-03-30,C0104,Keyboard,2,153
1635,2024-08-12,C0104,Laptop,1,532
1636,2024-08-17,C0039,Monitor,4,859
1637,2024-11-13,C0161,Headphones,5,764
1638,2024-06-22,C0044,Headphones,3,619
1639,2024-03-26,C0185,Headphones,4,706
1640,2024-01-18,C0103,Monitor,3,406
1641,2024-04-20,C0075,Headphones,2,576
1642,2024-03-11,C0101,Keyboard,4,614
1643,2024-09-25,C0156,Printer,2,407
1644,2024-11-27,C0198,Laptop,2,858
1645,2024-11-05,C0179,Phone,5,976
1646,2024-02-07,C0193,Mouse,3,591
1647,2024-06-09,C0084,Phone,5,886
1648,2024-05-06,C0074,Mouse,3,134
1649,2024-04-21,C0024,Phone,4,305
1650,2024-09-27,C0037,Tablet,5,555
1651,2024-12-24,C0044,Printer,5,720
1652,2024-01-09,C0033,Headphones,1,157
1653,2024-04-01,C0146,Printer,3,345
1654,2024-04-15,C0093,Headphones,2,296
1655,2024-08-02,C0171,Laptop,3,116
1656,2024-02-16,C0169,Mouse,5,828
1657,2024-01-29,C0120,Mouse,1,225
1658,2024-06-18,C0187,Phone,1,144
1659,2024-07-07,C0014,Phone,3,1000
1660,2024-05-08,C0145,Headphones,4,603
1661,2024-11-08,C0055,Monitor,3,641
1662,2024-02-15,C0086,Headphones,5,196
1663,2024-05-25,C0063,Headphones,5,133
1664,2024-10-29,C0034,Laptop,1,434
1665,2024-02-27,C0045,Phone,2,577
1666,2024-04-06,C0021,Mouse,3,612
1667,2024-08-29,C0111,Monitor,5,786
1668,2024-06-15,C0082,Headphones,3,513
1669,2024-09-25,C0062,Keyboard,1,996
1670,2024-08-30,C0197,Monitor,3,156
1671,2024-06-28,C0075,Headphones,3,933
1672,2024-07-23,C0063,Phone,2,116
1673,2024-10-27,C0157,Mouse,4,615
1674,2024-09-07,C0099,Tablet,2,678
1675,2024-12-15,C0188,Headphones,1,428
1676,2024-05-25,C0082,Headphones,1,982
1677,2024-10-11,C0107,Headphones,5,116
1678,2024-08-23,C0086,Monitor,4,503
1679,2024-06-14,C0106,Headphones,5,615
1680,2024-04-25,C0110,Tablet,1,635
1681,2024-04-14,C0073,Laptop,5,741
1682,2024-08-08,C0078,Keyboard,4,193
1683,2024-03-08,C0038,Mouse,1,500
1684,2024-09-10,C0014,Tablet,3,776
1685,2024-05-10,C0103,Headphones,1,822
1686,2024-10-30,C0061,Printer,4,300
1687,2024-03-15,C0147,Headphones,4,567
1688,2024-11-14,C0036,Phone,3,177
1689,2024-04-24,C0027,Headphones,2,285
1690,2024-06-12,C0198,Keyboard,2,114
1691,2024-10-18,C0190,Phone,1,535
1692,2024-03-27,C0126,Keyboard,3,383
1693,2024-05-26,C0021,Monitor,1,440
1694,2024-02-03,C0097,Keyboard,2,739
1695,2024-12-04,C0044,Phone,2,906
1696,2024-03-15,C0088,Phone,4,586
1697,2024-07-11,C0175,Laptop,5,635
1698,2024-05-27,C0172,Tablet,4,331
1699,2024-04-05,C0180,Monitor,4,260
1700,2024-07-12,C0071,Tablet,2,729
1701,2024-08-05,C0140,Laptop,2,114
1702,2024-03-19,C0142,Laptop,3,710
1703,2024-01-12,C0050,Laptop,2,261
1704,2024-08-25,C0127,Phone,2,562
1705,2024-09-18,C0174,Tablet,3,304
1706,2024-06-23,C0100,Monitor,2,954
1707,2024-09-30,C0194,Mouse,1,349
1708,2024-03-02,C0018,Printer,3,730
1709,2024-08-15,C0196,Monitor,5,160
1710,2024-11-22,C0193,Tablet,5,390
1711,2024-06-16,C0114,Mouse,2,245
1712,2024-03-29,C0066,Phone,4,323
1713,2024-11-11,C0132,Printer,5,148
1714,2024-08-12,C0184,Headphones,5,330
1715,2024-09-18,C0172,Mouse,4,982
1716,2024-04-28,C0193,Tablet,3,222
1717,2024-03-24,C0043,Printer,4,334
1718,2024-06-26,C0027,Mouse,2,993
1719,2024-03-14,C0155,Phone,3,311
1720,2024-10-02,C0154,Phone,5,395
1721,2024-10-26,C0141,Laptop,4,214
1722,2024-05-24,C0034,Printer,3,126
1723,2024-06-30,C0052,Printer,2,978
1724,2024-10-21,C0020,Mouse,5,561
1725,2024-07-14,C0179,Keyboard,1,752
1726,2024-06-04,C0138,Laptop,2,809
1727,2024-01-05,C0169,Monitor,3,200
1728,2024-08-04,C0170,Laptop,4,286
1729,2024-12-17,C0118,Laptop,1,473
1730,2024-07-01,C0100,Laptop,3,293
1731,2024-11-03,C0181,Printer,1,747
1732,2024-12-04,C0125,Mouse,3,533
1733,2024-02-08,C0104,Tablet,2,576
1734,2024-04-17,C0110,Headphones,1,238
1735,2024-11-10,C0066,Phone,2,260
1736,2024-03-09,C0050,Tablet,2,287
1737,2024-11-20,C0121,Mouse,4,760
1738,2024-11-22,C0058,Monitor,1,693
1739,2024-10-05,C0112,Laptop,1,243
1740,2024-09-14,C0138,Headphones,1,378
1741,2024-05-14,C0049,Laptop,2,52
1742,2024-01-05,C0120,Phone,1,75
1743,2024-08-29,C0071,Phone,1,610
1744,2024-05-12,C0004,Headphones,5,776
1745,2024-03-15,C0139,Headphones,5,544
1746,2024-04-17,C0077,Printer,4,350
1747,2024-10-02,C0018,Keyboard,3,459
1748,2024-01-05,C0052,Headphones,4,269
1749,2024-04-23,C0017,Tablet,4,860
1750,2024-02-28,C0074,Tablet,2,883
1751,2024-06-12,C0122,Monitor,4,84
1752,2024-08-11,C0091,Monitor,2,306
1753,2024-08-03,C0194,Laptop,4,465
1754,2024-09-03,C0194,Keyboard,4,456
1755,2024-12-09,C0047,Keyboard,3,537
1756,2024-04-22,C0056,Monitor,3,696
1757,2024-05-24,C0068,Laptop,4,521
1758,2024-01-22,C0070,Tablet,4,920
1759,2024-05-16,C0172,Headphones,5,230
1760,2024-07-14,C0109,Headphones,5,898
1761,2024-01-17,C0055,Laptop,2,737
1762,2024-02-28,C0036,Headphones,3,891
1763,2024-03-05,C0048,Keyboard,5,485
1764,2024-10-24,C0200,Tablet,3,477
1765,2024-12-31,C0018,Printer,1,484
1766,2024-02-16,C0059,Keyboard,4,220
1767,2024-01-16,C0134,Phone,4,152
1768,2024-11-18,C0130,Phone,2,364
1769,2024-04-05,C0096,Printer,5,871
1770,2024-04-23,C0033,Mouse,2,480
1771,2024-08-25,C0085,Keyboard,5,515
1772,2024-11-12,C0012,Mouse,1,791
1773,2024-09-18,C0136,Tablet,4,184
1774,2024-12-23,C0015,Printer,1,931
1775,2024-11-18,C0174,Keyboard,5,889
1776,2024-07-31,C0194,Laptop,2,928
1777,2024-03-22,C0004,Keyboard,3,256
1778,2024-02-06,C0009,Monitor,5,896
1779,2024-05-04,C0119,Headphones,2,88
1780,2024-06-04,C0093,Headphones,2,487
1781,2024-04-10,C0005,Laptop,2,790
1782,2024-09-06,C0083,Tablet,5,254
1783,2024-08-17,C0071,Laptop,5,682
1784,2024-11-18,C0107,Printer,5,335
1785,2024-06-18,C0089,Tablet,5,765
1786,2024-12-04,C0171,Mouse,2,642
1787,2024-08-18,C0089,Printer,3,1000
1788,2024-05-04,C0029,Mouse,1,955
1789,2024-06-26,C0078,Phone,3,97
1790,2024-10-07,C0021,Tablet,4,375
1791,2024-06-10,C0098,Headphones,4,758
1792,2024-10-12,C0195,Keyboard,3,574
1793,2024-01-17,C0085,Monitor,4,114
1794,2024-01-26,C0033,Laptop,4,687
1795,2024-06-23,C0033,Mouse,2,438
1796,2024-09-14,C0071,Monitor,2,559
1797,2024-06-29,C0180,Keyboard,2,984
1798,2024-11-19,C0113,Phone,2,899
1799,2024-10-08,C0107,Headphones,4,780
1800,2024-10-07,C0101,Phone,2,480
1801,2024-11-22,C0118,Printer,5,938
1802,2024-01-18,C0193,Headphones,1,680
1803,2024-04-04,C0008,Printer,1,940
1804,2024-10-25,C0116,Phone,3,751
1805,2024-06-23,C0142,Headphones,4,556
1806,2024-07-19,C0124,Keyboard,1,612
1807,2024-01-09,C0017,Laptop,5,562
1808,2024-06-20,C0114,Keyboard,4,438
1809,2024-02-09,C0045,Headphones,5,951
1810,2024-10-01,C0163,Headphones,2,246
1811,2024-10-01,C0108,Tablet,4,591
1812,2024-06-26,C0061,Headphones,2,845
1813,2024-03-26,C0032,Phone,5,406
1814,2024-01-04,C0117,Laptop,2,799
1815,2024-12-19,C0060,Printer,1,255
1816,2024-02-25,C0185,Printer,1,460
1817,2024-05-09,C0192,Headphones,5,591
1818,2024-01-02,C0068,Monitor,1,906
1819,2024-08-10,C0077,Mouse,2,463
1820,2024-04-30,C0169,Mouse,3,177
1821,2024-05-04,C0154,Keyboard,4,711
1822,2024-02-03,C0079,Tablet,1,616
1823,2024-08-01,C0084,Keyboard,4,881
1824,2024-09-09,C0169,Phone,2,550
1825,2024-05-03,C0085,Mouse,3,246
1826,2024-04-01,C0025,Mouse,3,692
1827,2024-11-22,C0167,Phone,1,482
1828,2024-06-19,C0007,Printer,2,71
1829,2024-02-11,C0146,Monitor,1,279
1830,2024-01-19,C0006,Laptop,5,74
1831,2024-04-20,C0142,Tablet,2,497
1832,2024-06-12,C0130,Keyboard,5,356
1833,2024-11-03,C0099,Tablet,1,505
1834,2024-10-18,C0131,Phone,5,312
1835,2024-08-24,C0047,Printer,2,548
1836,2024-10-28,C0199,Laptop,4,813
1837,2024-01-07,C0020,Laptop,2,649
1838,2024-11-30,C0043,Printer,3,153
1839,2024-07-17,C0190,Printer,3,153
1840,2024-07-24,C0113,Monitor,2,482
1841,2024-11-30,C0079,Monitor,5,390
1842,2024-09-14,C0028,Printer,3,503
1843,2024-03-18,C0144,Mouse,2,227
1844,2024-01-29,C0062,Headphones,5,885
1845,2024-08-16,C0135,Phone,4,303
1846,2024-10-13,C0018,Keyboard,3,130
1847,2024-07-12,C0193,Monitor,2,337
1848,2024-12-30,C0019,Keyboard,5,326
1849,2024-07-14,C0181,Monitor,5,309
1850,2024-01-30,C0141,Phone,1,537
1851,2024-09-04,C0097,Printer,1,875
1852,2024-09-02,C0166,Phone,2,294
1853,2024-11-30,C0074,Headphones,2,544
1854,2024-10-29,C0052,Printer,2,320
1855,2024-08-11,C0100,Monitor,5,814
1856,2024-04-03,C0133,Printer,5,99
1857,2024-04-07,C0075,Mouse,2,819
1858,2024-06-03,C0140,Mouse,5,613
1859,2024-12-02,C0093,Phone,3,274
1860,2024-12-11,C0144,Monitor,3,705
1861,2024-06-08,C0116,Keyboard,3,852
1862,2024-02-12,C0057,Phone,1,875
1863,2024-12-09,C0176,Keyboard,4,858
1864,2024-07-11,C0055,Phone,5,277
1865,2024-09-02,C0017,Phone,2,312
1866,2024-10-22,C0013,Keyboard,1,125
1867,2024-08-02,C0041,Printer,3,856
1868,2024-07-30,C0176,Monitor,1,670
1869,2024-06-02,C0168,Laptop,5,511
1870,2024-08-30,C0019,Mouse,2,490
1871,2024-07-31,C0036,Tablet,1,966
1872,2024-05-12,C0070,Printer,4,911
1873,2024-06-27,C0156,Phone,2,114
1874,2024-01-03,C0121,Printer,1,627
1875,2024-03-23,C0119,Tablet,5,56
1876,2024-04-21,C0104,Printer,5,755
1877,2024-04-14,C0006,Tablet,5,152
1878,2024-07-22,C0102,Printer,2,982
1879,2024-01-07,C0094,Phone,5,749
1880,2024-07-18,C0182,Keyboard,2,670
1881,2024-11-07,C0087,Phone,2,485
1882,2024-02-03,C0051,Laptop,4,463
1883,2024-01-08,C0045,Laptop,4,389
1884,2024-12-27,C0029,Printer,4,107
1885,2024-12-03,C0105,Monitor,1,914
1886,2024-11-12,C0145,Phone,4,360
1887,2024-04-02,C0087,Mouse,1,135
1888,2024-03-15,C0075,Monitor,5,529
1889,2024-05-27,C0005,Phone,5,85
1890,2024-09-04,C0122,Laptop,5,59
1891,2024-09-18,C0076,Keyboard,1,743
1892,2024-07-21,C0096,Tablet,5,469
1893,2024-09-29,C0138,Monitor,5,694
1894,2024-11-17,C0133,Tablet,2,830
1895,2024-08-10,C0134,Tablet,5,892
1896,2024-01-02,C0146,Tablet,3,952
1897,2024-01-15,C0020,Laptop,5,270
1898,2024-12-10,C0033,Monitor,3,127
1899,2024-08-22,C0088,Phone,1,933
1900,2024-12-17,C0044,Laptop,3,554
1901,2024-07-24,C0173,Tablet,2,106
1902,2024-04-11,C0143,Monitor,5,675
1903,2024-06-22,C0092,Printer,3,63
1904,2024-02-23,C0027,Monitor,2,494
1905,2024-09-28,C0129,Laptop,5,499
1906,2024-11-12,C0143,Laptop,4,841
1907,2024-06-02,C0072,Keyboard,1,784
1908,2024-01-07,C0167,Keyboard,3,950
1909,2024-12-18,C0067,Laptop,4,802
1910,2024-07-11,C0026,Phone,5,897
1911,2024-06-11,C0016,Printer,1,555
1912,2024-11-05,C0121,Monitor,2,799
1913,2024-06-02,C0092,Mouse,1,153
1914,2024-12-13,C0012,Tablet,5,342
1915,2024-03-20,C0185,Printer,2,67
1916,2024-06-19,C0121,Tablet,5,474
1917,2024-04-15,C0051,Mouse,1,779
1918,2024-11-01,C0042,Laptop,5,741
1919,2024-07-19,C0156,Mouse,2,723
1920,2024-11-09,C0003,Laptop,1,249
1921,2024-02-08,C0118,Printer,4,807
1922,2024-12-06,C0167,Headphones,1,644
1923,2024-05-12,C0067,Printer,3,462
1924,2024-08-01,C0030,Printer,2,338
1925,2024-07-20,C0006,Headphones,5,406
1926,2024-09-06,C0172,Headphones,4,287
1927,2024-05-15,C0014,Mouse,2,639
1928,2024-02-10,C0131,Headphones,3,948
1929,2024-03-16,C0172,Monitor,1,713
1930,2024-02-09,C0036,Keyboard,3,143
1931,2024-05-10,C0081,Monitor,5,587
1932,2024-03-18,C0063,Phone,1,544
1933,2024-05-10,C0168,Monitor,2,174
1934,2024-09-26,C0168,Printer,2,642
1935,2024-05-06,C0185,Laptop,2,714
1936,2024-02-05,C0059,Keyboard,2,967
1937,2024-09-24,C0113,Printer,2,963
1938,2024-02-14,C0080,Phone,4,269
1939,2024-01-31,C0027,Printer,3,828
1940,2024-04-18,C0102,Mouse,3,317
1941,2024-08-22,C0045,Mouse,4,385
1942,2024-09-08,C0133,Keyboard,2,92
1943,2024-05-03,C0098,Tablet,1,360
1944,2024-09-05,C0129,Printer,4,502
1945,2024-04-11,C0191,Headphones,4,902
1946,2024-08-27,C0103,Printer,2,133
1947,2024-03-09,C0095,Phone,3,790
1948,2024-11-05,C0158,Tablet,1,689
1949,2024-04-24,C0080,Phone,5,773
1950,2024-01-06,C0109,Mouse,5,426
1951,2024-04-28,C0167,Mouse,2,683
1952,2024-10-16,C0049,Printer,5,81
1953,2024-09-22,C0077,Printer,4,223
1954,2024-01-02,C0009,Printer,5,688
1955,2024-01-08,C0121,Mouse,3,549
1956,2024-12-12,C0072,Tablet,4,455
1957,2024-02-04,C0006,Printer,4,748
1958,2024-01-08,C0094,Keyboard,5,322
1959,2024-01-02,C0160,Tablet,3,776
1960,2024-10-05,C0082,Mouse,4,342
1961,2024-11-20,C0028,Monitor,5,602
1962,2024-04-19,C0030,Mouse,5,770
1963,2024-03-22,C0040,Headphones,3,71
1964,2024-05-17,C0062,Printer,1,131
1965,2024-05-30,C0057,Laptop,4,591
1966,2024-05-04,C0169,Mouse,1,876
1967,2024-11-28,C0064,Tablet,3,801
1968,2024-06-28,C0185,Mouse,3,239
1969,2024-06-27,C0116,Monitor,4,989
1970,2024-01-25,C0063,Keyboard,5,102
1971,2024-12-01,C0025,Laptop,5,400
1972,2024-09-19,C0053,Headphones,5,93
1973,2024-01-12,C0035,Keyboard,4,181
1974,2024-08-28,C0157,Keyboard,2,832
1975,2024-04-15,C0096,Laptop,5,340
1976,2024-06-23,C0084,Tablet,2,544
1977,2024-10-20,C0007,Printer,3,202
1978,2024-02-16,C0133,Mouse,4,265
1979,2024-09-05,C0112,Keyboard,2,785
1980,2024-06-14,C0016,Keyboard,5,639
1981,2024-10-30,C0184,Laptop,1,648
1982,2024-11-10,C0194,Phone,1,260
1983,2024-08-28,C0188,Mouse,2,459
1984,2024-02-10,C0007,Phone,3,150
1985,2024-05-05,C0063,Tablet,1,147
1986,2024-12-08,C0115,Mouse,1,631
1987,2024-03-25,C0156,Printer,5,729
1988,2024-03-22,C0093,Laptop,4,269
1989,2024-08-30,C0184,Monitor,5,618
1990,2024-01-04,C0058,Printer,3,642
1991,2024-08-22,C0188,Tablet,5,314
1992,2024-05-21,C0043,Tablet,5,102
1993,2024-06-27,C0118,Headphones,3,989
1994,2024-03-01,C0013,Laptop,2,999
1995,2024-01-29,C0090,Mouse,1,58
1996,2024-10-01,C0082,Phone,5,947
1997,2024-04-12,C0080,Keyboard,1,941
1998,2024-08-20,C0093,Monitor,1,300
1999,2024-03-08,C0085,Keyboard,2,684
2000,2024-03-18,C0021,Printer,4,834
2001,2024-01-12,C0037,Phone,2,832
2002,2024-12-07,C0046,Printer,5,160
2003,2024-10-13,C0048,Printer,1,247
2004,2024-12-05,C0123,Printer,3,141
2005,2024-08-08,C0116,Tablet,5,90
2006,2024-11-04,C0198,Tablet,5,999
2007,2024-10-20,C0032,Tablet,4,776
2008,2024-08-22,C0126,Laptop,5,461
2009,2024-07-26,C0126,Tablet,5,745
2010,2024-12-29,C0033,Mouse,2,186
2011,2024-05-04,C0082,Mouse,4,71
2012,2024-05-29,C0142,Mouse,1,440
2013,2024-01-25,C0091,Laptop,3,781
2014,2024-04-30,C0132,Mouse,5,667
2015,2024-01-24,C0126,Laptop,4,652
2016,2024-11-09,C0012,Laptop,4,985
2017,2024-01-04,C0079,Mouse,2,643
2018,2024-11-15,C0010,Laptop,3,862
2019,2024-05-09,C0034,Monitor,3,603
2020,2024-12-25,C0054,Keyboard,1,907
2021,2024-06-29,C0132,Laptop,5,462
2022,2024-02-07,C0163,Tablet,5,623
2023,2024-08-29,C0085,Keyboard,5,134
2024,2024-05-07,C0102,Phone,5,213
2025,2024-10-26,C0170,Tablet,1,414
2026,2024-10-02,C0103,Printer,2,811
2027,2024-01-19,C0148,Mouse,2,382
2028,2024-10-04,C0131,Headphones,5,262
2029,2024-02-04,C0174,Laptop,5,756
2030,2024-10-07,C0165,Mouse,3,65
2031,2024-06-30,C0050,Monitor,5,254
2032,2024-06-24,C0116,Printer,1,999
2033,2024-09-05,C0042,Keyboard,5,227
2034,2024-11-09,C0128,Phone,4,810
2035,2024-03-28,C0106,Laptop,2,907
2036,2024-04-19,C0126,Phone,5,607
2037,2024-05-31,C0007,Monitor,4,629
2038,2024-04-04,C0157,Keyboard,2,252
2039,2024-01-23,C0089,Keyboard,2,434
2040,2024-06-06,C0034,Laptop,2,84
2041,2024-08-24,C0015,Tablet,2,85
2042,2024-02-20,C0021,Phone,2,314
2043,2024-08-27,C0158,Tablet,4,105
2044,2024-03-27,C0170,Laptop,4,559
2045,2024-09-04,C0132,Laptop,4,612
2046,2024-02-14,C0046,Keyboard,4,885
2047,2024-03-25,C0040,Phone,2,982
2048,2024-01-28,C0064,Printer,4,516
2049,2024-12-05,C0040,Tablet,4,466
2050,2024-11-07,C0046,Keyboard,2,348
2051,2024-06-24,C0079,Printer,4,474
2052,2024-12-21,C0071,Headphones,1,235
2053,2024-07-22,C0052,Monitor,2,594
2054,2024-01-26,C0025,Monitor,2,785
2055,2024-07-23,C0110,Keyboard,3,958
2056,2024-06-01,C0027,Headphones,4,119
2057,2024-09-26,C0102,Phone,2,123
2058,2024-06-21,C0147,Laptop,5,648
2059,2024-10-18,C0124,Printer,3,627
2060,2024-12-14,C0089,Tablet,2,384
2061,2024-01-02,C0003,Phone,3,747
2062,2024-03-07,C0079,Mouse,2,142
2063,2024-05-04,C0129,Laptop,5,388
2064,2024-01-26,C0079,Tablet,3,937
2065,2024-11-05,C0194,Phone,1,539
2066,2024-02-27,C0030,Tablet,5,366
2067,2024-11-02,C0025,Keyboard,4,488
2068,2024-08-28,C0115,Keyboard,2,422
2069,2024-03-24,C0090,Laptop,3,966
2070,2024-09-01,C0097,Printer,5,174
2071,2024-01-20,C0009,Phone,5,175
2072,2024-02-01,C0022,Keyboard,1,227
2073,2024-06-13,C0188,Keyboard,4,328
2074,2024-04-19,C0177,Phone,5,170
2075,2024-12-18,C0103,Phone,4,246
2076,2024-08-05,C0192,Phone,4,171
2077,2024-10-09,C0150,Printer,4,181
2078,2024-01-16,C0057,Tablet,4,933
2079,2024-10-17,C0100,Monitor,2,718
2080,2024-06-01,C0106,Headphones,4,884
2081,2024-09-07,C0059,Phone,1,701
2082,2024-11-27,C0064,Monitor,1,293
2083,2024-09-16,C0097,Laptop,2,829
2084,2024-11-10,C0174,Laptop,2,122
2085,2024-02-26,C0179,Phone,4,157
2086,2024-04-20,C0028,Headphones,5,739
2087,2024-08-29,C0136,Mouse,1,241
2088,2024-08-06,C0150,Printer,3,633
2089,2024-12-15,C0075,Laptop,2,266
2090,2024-11-25,C0052,Keyboard,5,301
2091,2024-07-23,C0146,Headphones,1,241
2092,2024-08-09,C0197,Laptop,1,964
2093,2024-01-29,C0122,Printer,2,58
2094,2024-01-12,C0144,Laptop,5,80
2095,2024-12-19,C0052,Headphones,5,632
2096,2024-04-23,C0166,Printer,1,467
2097,2024-02-04,C0026,Tablet,3,392
2098,2024-01-14,C0196,Headphones,2,257
2099,2024-01-08,C0013,Headphones,1,199
2100,2024-03-12,C0190,Printer,1,939
2101,2024-07-13,C0189,Monitor,3,59
2102,2024-07-03,C0046,Mouse,4,629
2103,2024-09-02,C0150,Monitor,1,725
2104,2024-02-17,C0149,Printer,5,305
2105,2024-10-19,C0161,Mouse,4,826
2106,2024-10-28,C0079,Phone,5,325
2107,2024-06-14,C0104,Tablet,5,338
2108,2024-12-17,C0168,Headphones,5,894
2109,2024-06-05,C0161,Printer,1,106
2110,2024-04-13,C0124,Laptop,4,162
2111,2024-06-21,C0095,Monitor,4,73
2112,2024-06-01,C0189,Printer,4,750
2113,2024-12-27,C0067,Mouse,2,65
2114,2024-01-08,C0184,Monitor,2,982
2115,2024-07-21,C0110,Tablet,3,513
2116,2024-01-10,C0132,Printer,1,221
2117,2024-04-29,C0164,Mouse,4,308
2118,2024-07-22,C0159,Monitor,4,633
2119,2024-07-02,C0152,Phone,5,893
2120,2024-06-04,C0135,Tablet,1,302
2121,2024-05-04,C0090,Monitor,2,363
2122,2024-06-17,C0179,Headphones,4,576
2123,2024-06-20,C0189,Monitor,2,250
2124,2024-02-22,C0109,Keyboard,3,759
2125,2024-03-11,C0137,Printer,4,712
2126,2024-07-29,C0051,Monitor,3,694
2127,2024-05-17,C0095,Mouse,1,183
2128,2024-06-23,C0069,Monitor,2,571
2129,2024-04-24,C0016,Phone,3,480
2130,2024-12-02,C0022,Keyboard,2,779
2131,2024-04-14,C0163,Phone,5,359
2132,2024-02-11,C0005,Phone,5,726
2133,2024-04-11,C0050,Phone,5,423
2134,2024-06-20,C0098,Tablet,3,619
2135,2024-07-15,C0024,Headphones,1,635
2136,2024-09-04,C0158,Laptop,5,93
2137,2024-07-26,C0094,Mouse,4,537
2138,2024-02-27,C0016,Laptop,2,371
2139,2024-03-10,C0096,Phone,2,639
2140,2024-10-20,C0092,Headphones,4,310
2141,2024-12-10,C0046,Headphones,1,556
2142,2024-11-16,C0024,Laptop,2,209
2143,2024-08-08,C0146,Tablet,5,354
2144,2024-02-27,C0084,Mouse,4,494
2145,2024-02-21,C0065,Keyboard,5,198
2146,2024-12-18,C0128,Monitor,1,421
2147,2024-03-05,C0006,Headphones,1,197
2148,2024-12-13,C0005,Keyboard,5,737
2149,2024-11-27,C0200,Printer,3,624
2150,2024-04-14,C0037,Laptop,2,79
2151,2024-11-02,C0116,Laptop,1,853
2152,2024-02-18,C0040,Mouse,2,78
2153,2024-05-08,C0171,Keyboard,1,55
2154,2024-03-15,C0122,Keyboard,4,737
2155,2024-08-27,C0160,Phone,1,470
2156,2024-06-10,C0143,Phone,3,738
2157,2024-07-10,C0070,Mouse,2,447
2158,2024-09-25,C0124,Printer,1,279
2159,2024-09-26,C0171,Tablet,2,311
2160,2024-11-17,C0009,Phone,1,920
2161,2024-09-25,C0175,Phone,1,119
2162,2024-04-18,C0060,Mouse,1,831
2163,2024-02-14,C0008,Keyboard,2,151
2164,2024-03-13,C0023,Monitor,5,949
2165,2024-12-21,C0123,Monitor,4,819
2166,2024-09-17,C0073,Monitor,4,804
2167,2024-04-01,C0193,Phone,5,764
2168,2024-01-20,C0156,Tablet,5,415
2169,2024-04-08,C0007,Tablet,5,289
2170,2024-07-25,C0007,Tablet,3,361
2171,2024-05-13,C0055,Keyboard,4,76
2172,2024-03-27,C0117,Headphones,1,745
2173,2024-12-15,C0181,Keyboard,5,387
2174,2024-06-22,C0002,Keyboard,4,795
2175,2024-03-11,C0180,Keyboard,2,843
2176,2024-10-15,C0054,Headphones,2,641
2177,2024-11-13,C0002,Phone,1,347
2178,2024-05-23,C0072,Tablet,5,197
2179,2024-04-03,C0162,Laptop,5,351
2180,2024-10-21,C0200,Keyboard,1,342
2181,2024-12-13,C0045,Phone,3,85
2182,2024-03-21,C0050,Mouse,2,667
2183,2024-06-23,C0102,Headphones,3,128
2184,2024-10-27,C0014,Keyboard,3,465
2185,2024-12-31,C0022,Keyboard,1,162
2186,2024-10-02,C0046,Keyboard,4,659
2187,2024-02-06,C0109,Printer,5,59
2188,2024-07-05,C0063,Tablet,5,463
2189,2024-10-14,C0051,Keyboard,1,850
2190,2024-12-05,C0141,Keyboard,5,416
2191,2024-01-23,C0046,Phone,2,441
2192,2024-04-01,C0079,Phone,4,236
2193,2024-02-29,C0029,Laptop,3,770
2194,2024-11-17,C0031,Laptop,5,862
2195,2024-06-06,C0146,Tablet,5,115
2196,2024-09-06,C0189,Keyboard,2,792
2197,2024-04-28,C0005,Laptop,3,855
2198,2024-04-25,C0085,Printer,3,360
2199,2024-12-01,C0135,Keyboard,4,872
2200,2024-07-14,C0150,Mouse,2,834
